[
    {
        "model": "admin.logentry",
        "pk": 1,
        "fields": {
            "action_time": "2023-10-24T02:43:48.138Z",
            "user": 5,
            "content_type": 7,
            "object_id": "2",
            "object_repr": "127.0.0.1:8000",
            "action_flag": 2,
            "change_message": "[{\"changed\": {\"fields\": [\"Domain name\", \"Display name\"]}}]"
        }
    },
    {
        "model": "admin.logentry",
        "pk": 2,
        "fields": {
            "action_time": "2023-10-24T02:44:42.006Z",
            "user": 5,
            "content_type": 15,
            "object_id": "1",
            "object_repr": "github",
            "action_flag": 1,
            "change_message": "[{\"added\": {}}]"
        }
    },
    {
        "model": "admin.logentry",
        "pk": 3,
        "fields": {
            "action_time": "2023-10-24T02:45:17.598Z",
            "user": 5,
            "content_type": 15,
            "object_id": "2",
            "object_repr": "google",
            "action_flag": 1,
            "change_message": "[{\"added\": {}}]"
        }
    },
    {
        "model": "admin.logentry",
        "pk": 4,
        "fields": {
            "action_time": "2023-10-24T02:45:51.576Z",
            "user": 5,
            "content_type": 15,
            "object_id": "3",
            "object_repr": "line",
            "action_flag": 1,
            "change_message": "[{\"added\": {}}]"
        }
    },
    {
        "model": "admin.logentry",
        "pk": 5,
        "fields": {
            "action_time": "2023-10-24T15:50:38.805Z",
            "user": 1,
            "content_type": 9,
            "object_id": "100",
            "object_repr": "La Playita",
            "action_flag": 2,
            "change_message": "[]"
        }
    },
    {
        "model": "auth.permission",
        "pk": 1,
        "fields": {
            "name": "Can add log entry",
            "content_type": 1,
            "codename": "add_logentry"
        }
    },
    {
        "model": "auth.permission",
        "pk": 2,
        "fields": {
            "name": "Can change log entry",
            "content_type": 1,
            "codename": "change_logentry"
        }
    },
    {
        "model": "auth.permission",
        "pk": 3,
        "fields": {
            "name": "Can delete log entry",
            "content_type": 1,
            "codename": "delete_logentry"
        }
    },
    {
        "model": "auth.permission",
        "pk": 4,
        "fields": {
            "name": "Can view log entry",
            "content_type": 1,
            "codename": "view_logentry"
        }
    },
    {
        "model": "auth.permission",
        "pk": 5,
        "fields": {
            "name": "Can add permission",
            "content_type": 2,
            "codename": "add_permission"
        }
    },
    {
        "model": "auth.permission",
        "pk": 6,
        "fields": {
            "name": "Can change permission",
            "content_type": 2,
            "codename": "change_permission"
        }
    },
    {
        "model": "auth.permission",
        "pk": 7,
        "fields": {
            "name": "Can delete permission",
            "content_type": 2,
            "codename": "delete_permission"
        }
    },
    {
        "model": "auth.permission",
        "pk": 8,
        "fields": {
            "name": "Can view permission",
            "content_type": 2,
            "codename": "view_permission"
        }
    },
    {
        "model": "auth.permission",
        "pk": 9,
        "fields": {
            "name": "Can add group",
            "content_type": 3,
            "codename": "add_group"
        }
    },
    {
        "model": "auth.permission",
        "pk": 10,
        "fields": {
            "name": "Can change group",
            "content_type": 3,
            "codename": "change_group"
        }
    },
    {
        "model": "auth.permission",
        "pk": 11,
        "fields": {
            "name": "Can delete group",
            "content_type": 3,
            "codename": "delete_group"
        }
    },
    {
        "model": "auth.permission",
        "pk": 12,
        "fields": {
            "name": "Can view group",
            "content_type": 3,
            "codename": "view_group"
        }
    },
    {
        "model": "auth.permission",
        "pk": 13,
        "fields": {
            "name": "Can add user",
            "content_type": 4,
            "codename": "add_user"
        }
    },
    {
        "model": "auth.permission",
        "pk": 14,
        "fields": {
            "name": "Can change user",
            "content_type": 4,
            "codename": "change_user"
        }
    },
    {
        "model": "auth.permission",
        "pk": 15,
        "fields": {
            "name": "Can delete user",
            "content_type": 4,
            "codename": "delete_user"
        }
    },
    {
        "model": "auth.permission",
        "pk": 16,
        "fields": {
            "name": "Can view user",
            "content_type": 4,
            "codename": "view_user"
        }
    },
    {
        "model": "auth.permission",
        "pk": 17,
        "fields": {
            "name": "Can add content type",
            "content_type": 5,
            "codename": "add_contenttype"
        }
    },
    {
        "model": "auth.permission",
        "pk": 18,
        "fields": {
            "name": "Can change content type",
            "content_type": 5,
            "codename": "change_contenttype"
        }
    },
    {
        "model": "auth.permission",
        "pk": 19,
        "fields": {
            "name": "Can delete content type",
            "content_type": 5,
            "codename": "delete_contenttype"
        }
    },
    {
        "model": "auth.permission",
        "pk": 20,
        "fields": {
            "name": "Can view content type",
            "content_type": 5,
            "codename": "view_contenttype"
        }
    },
    {
        "model": "auth.permission",
        "pk": 21,
        "fields": {
            "name": "Can add session",
            "content_type": 6,
            "codename": "add_session"
        }
    },
    {
        "model": "auth.permission",
        "pk": 22,
        "fields": {
            "name": "Can change session",
            "content_type": 6,
            "codename": "change_session"
        }
    },
    {
        "model": "auth.permission",
        "pk": 23,
        "fields": {
            "name": "Can delete session",
            "content_type": 6,
            "codename": "delete_session"
        }
    },
    {
        "model": "auth.permission",
        "pk": 24,
        "fields": {
            "name": "Can view session",
            "content_type": 6,
            "codename": "view_session"
        }
    },
    {
        "model": "auth.permission",
        "pk": 25,
        "fields": {
            "name": "Can add site",
            "content_type": 7,
            "codename": "add_site"
        }
    },
    {
        "model": "auth.permission",
        "pk": 26,
        "fields": {
            "name": "Can change site",
            "content_type": 7,
            "codename": "change_site"
        }
    },
    {
        "model": "auth.permission",
        "pk": 27,
        "fields": {
            "name": "Can delete site",
            "content_type": 7,
            "codename": "delete_site"
        }
    },
    {
        "model": "auth.permission",
        "pk": 28,
        "fields": {
            "name": "Can view site",
            "content_type": 7,
            "codename": "view_site"
        }
    },
    {
        "model": "auth.permission",
        "pk": 29,
        "fields": {
            "name": "Can add category",
            "content_type": 8,
            "codename": "add_category"
        }
    },
    {
        "model": "auth.permission",
        "pk": 30,
        "fields": {
            "name": "Can change category",
            "content_type": 8,
            "codename": "change_category"
        }
    },
    {
        "model": "auth.permission",
        "pk": 31,
        "fields": {
            "name": "Can delete category",
            "content_type": 8,
            "codename": "delete_category"
        }
    },
    {
        "model": "auth.permission",
        "pk": 32,
        "fields": {
            "name": "Can view category",
            "content_type": 8,
            "codename": "view_category"
        }
    },
    {
        "model": "auth.permission",
        "pk": 33,
        "fields": {
            "name": "Can add restaurant",
            "content_type": 9,
            "codename": "add_restaurant"
        }
    },
    {
        "model": "auth.permission",
        "pk": 34,
        "fields": {
            "name": "Can change restaurant",
            "content_type": 9,
            "codename": "change_restaurant"
        }
    },
    {
        "model": "auth.permission",
        "pk": 35,
        "fields": {
            "name": "Can delete restaurant",
            "content_type": 9,
            "codename": "delete_restaurant"
        }
    },
    {
        "model": "auth.permission",
        "pk": 36,
        "fields": {
            "name": "Can view restaurant",
            "content_type": 9,
            "codename": "view_restaurant"
        }
    },
    {
        "model": "auth.permission",
        "pk": 37,
        "fields": {
            "name": "Can add state",
            "content_type": 10,
            "codename": "add_state"
        }
    },
    {
        "model": "auth.permission",
        "pk": 38,
        "fields": {
            "name": "Can change state",
            "content_type": 10,
            "codename": "change_state"
        }
    },
    {
        "model": "auth.permission",
        "pk": 39,
        "fields": {
            "name": "Can delete state",
            "content_type": 10,
            "codename": "delete_state"
        }
    },
    {
        "model": "auth.permission",
        "pk": 40,
        "fields": {
            "name": "Can view state",
            "content_type": 10,
            "codename": "view_state"
        }
    },
    {
        "model": "auth.permission",
        "pk": 41,
        "fields": {
            "name": "Can add review",
            "content_type": 11,
            "codename": "add_review"
        }
    },
    {
        "model": "auth.permission",
        "pk": 42,
        "fields": {
            "name": "Can change review",
            "content_type": 11,
            "codename": "change_review"
        }
    },
    {
        "model": "auth.permission",
        "pk": 43,
        "fields": {
            "name": "Can delete review",
            "content_type": 11,
            "codename": "delete_review"
        }
    },
    {
        "model": "auth.permission",
        "pk": 44,
        "fields": {
            "name": "Can view review",
            "content_type": 11,
            "codename": "view_review"
        }
    },
    {
        "model": "auth.permission",
        "pk": 45,
        "fields": {
            "name": "Can add email address",
            "content_type": 12,
            "codename": "add_emailaddress"
        }
    },
    {
        "model": "auth.permission",
        "pk": 46,
        "fields": {
            "name": "Can change email address",
            "content_type": 12,
            "codename": "change_emailaddress"
        }
    },
    {
        "model": "auth.permission",
        "pk": 47,
        "fields": {
            "name": "Can delete email address",
            "content_type": 12,
            "codename": "delete_emailaddress"
        }
    },
    {
        "model": "auth.permission",
        "pk": 48,
        "fields": {
            "name": "Can view email address",
            "content_type": 12,
            "codename": "view_emailaddress"
        }
    },
    {
        "model": "auth.permission",
        "pk": 49,
        "fields": {
            "name": "Can add email confirmation",
            "content_type": 13,
            "codename": "add_emailconfirmation"
        }
    },
    {
        "model": "auth.permission",
        "pk": 50,
        "fields": {
            "name": "Can change email confirmation",
            "content_type": 13,
            "codename": "change_emailconfirmation"
        }
    },
    {
        "model": "auth.permission",
        "pk": 51,
        "fields": {
            "name": "Can delete email confirmation",
            "content_type": 13,
            "codename": "delete_emailconfirmation"
        }
    },
    {
        "model": "auth.permission",
        "pk": 52,
        "fields": {
            "name": "Can view email confirmation",
            "content_type": 13,
            "codename": "view_emailconfirmation"
        }
    },
    {
        "model": "auth.permission",
        "pk": 53,
        "fields": {
            "name": "Can add social account",
            "content_type": 14,
            "codename": "add_socialaccount"
        }
    },
    {
        "model": "auth.permission",
        "pk": 54,
        "fields": {
            "name": "Can change social account",
            "content_type": 14,
            "codename": "change_socialaccount"
        }
    },
    {
        "model": "auth.permission",
        "pk": 55,
        "fields": {
            "name": "Can delete social account",
            "content_type": 14,
            "codename": "delete_socialaccount"
        }
    },
    {
        "model": "auth.permission",
        "pk": 56,
        "fields": {
            "name": "Can view social account",
            "content_type": 14,
            "codename": "view_socialaccount"
        }
    },
    {
        "model": "auth.permission",
        "pk": 57,
        "fields": {
            "name": "Can add social application",
            "content_type": 15,
            "codename": "add_socialapp"
        }
    },
    {
        "model": "auth.permission",
        "pk": 58,
        "fields": {
            "name": "Can change social application",
            "content_type": 15,
            "codename": "change_socialapp"
        }
    },
    {
        "model": "auth.permission",
        "pk": 59,
        "fields": {
            "name": "Can delete social application",
            "content_type": 15,
            "codename": "delete_socialapp"
        }
    },
    {
        "model": "auth.permission",
        "pk": 60,
        "fields": {
            "name": "Can view social application",
            "content_type": 15,
            "codename": "view_socialapp"
        }
    },
    {
        "model": "auth.permission",
        "pk": 61,
        "fields": {
            "name": "Can add social application token",
            "content_type": 16,
            "codename": "add_socialtoken"
        }
    },
    {
        "model": "auth.permission",
        "pk": 62,
        "fields": {
            "name": "Can change social application token",
            "content_type": 16,
            "codename": "change_socialtoken"
        }
    },
    {
        "model": "auth.permission",
        "pk": 63,
        "fields": {
            "name": "Can delete social application token",
            "content_type": 16,
            "codename": "delete_socialtoken"
        }
    },
    {
        "model": "auth.permission",
        "pk": 64,
        "fields": {
            "name": "Can view social application token",
            "content_type": 16,
            "codename": "view_socialtoken"
        }
    },
    {
        "model": "auth.user",
        "pk": 1,
        "fields": {
            "password": "pbkdf2_sha256$390000$LDdnTFamYuywdsiyvV1OI4$ibgZEWjdiwmLq7XAuJXYB1a90lTTqzo84DFPDPj+eg4=",
            "last_login": "2023-10-24T15:50:28.099Z",
            "is_superuser": true,
            "username": "veggie123",
            "first_name": "",
            "last_name": "",
            "email": "veggieisp@gmail.com",
            "is_staff": true,
            "is_active": true,
            "date_joined": "2023-10-17T17:34:09.869Z",
            "groups": [],
            "user_permissions": []
        }
    },
    {
        "model": "auth.user",
        "pk": 2,
        "fields": {
            "password": "!ovkmwUeuXMWUm8EL63H3TpkD2KKwfuDmOX3dPflS",
            "last_login": "2023-10-23T08:37:34.830Z",
            "is_superuser": false,
            "username": "thanidacwn",
            "first_name": "Thanida",
            "last_name": "Chaiwongnon",
            "email": "",
            "is_staff": false,
            "is_active": true,
            "date_joined": "2023-10-23T08:37:34.809Z",
            "groups": [],
            "user_permissions": []
        }
    },
    {
        "model": "auth.user",
        "pk": 3,
        "fields": {
            "password": "!3prqlUCVHUeNzFVGxXz90yUxajHXa61BQVKeocBs",
            "last_login": "2023-10-23T11:03:54.898Z",
            "is_superuser": false,
            "username": "thanida",
            "first_name": "Thanida",
            "last_name": "CHAIWONGNON",
            "email": "thanida.chai@ku.th",
            "is_staff": false,
            "is_active": true,
            "date_joined": "2023-10-23T10:53:22.484Z",
            "groups": [],
            "user_permissions": []
        }
    },
    {
        "model": "auth.user",
        "pk": 4,
        "fields": {
            "password": "!vHdrMySwITijkc8iroYvWl3OEFIcEEGvSD0xb2az",
            "last_login": "2023-10-23T11:05:52.657Z",
            "is_superuser": false,
            "username": "Ued979011ae7485c8bf7b860daef4f0fd",
            "first_name": "tha",
            "last_name": "",
            "email": "",
            "is_staff": false,
            "is_active": true,
            "date_joined": "2023-10-23T11:05:52.638Z",
            "groups": [],
            "user_permissions": []
        }
    },
    {
        "model": "auth.user",
        "pk": 5,
        "fields": {
            "password": "pbkdf2_sha256$600000$U7PdJWiezvsvpPpYNl2mLm$GOJGxG7WzE3TFa6tK9krx6dpAy5SNi1W+VRPCuS46Sw=",
            "last_login": "2023-10-24T02:43:19.929Z",
            "is_superuser": true,
            "username": "god",
            "first_name": "",
            "last_name": "",
            "email": "godjangg@gmail.com",
            "is_staff": true,
            "is_active": true,
            "date_joined": "2023-10-24T02:43:00.863Z",
            "groups": [],
            "user_permissions": []
        }
    },
    {
        "model": "auth.user",
        "pk": 6,
        "fields": {
            "password": "!9lTPlY9voaFiBWLzxPkNLdPDBXXFRXqJskQ5PhVe",
            "last_login": "2023-10-24T02:46:18.191Z",
            "is_superuser": false,
            "username": "preawpan",
            "first_name": "Preawpan",
            "last_name": "THAMAPIPOL",
            "email": "preawpan.t@ku.th",
            "is_staff": false,
            "is_active": true,
            "date_joined": "2023-10-24T02:46:18.159Z",
            "groups": [],
            "user_permissions": []
        }
    },
    {
        "model": "auth.user",
        "pk": 7,
        "fields": {
            "password": "!6kLktp8R48zr3tgVg8WtsWlBtJIsbWwErmKxtfgh",
            "last_login": "2023-10-24T03:36:53.060Z",
            "is_superuser": false,
            "username": "thanida3",
            "first_name": "Thanida",
            "last_name": "CHAIWONGNON",
            "email": "thanida.chai@ku.th",
            "is_staff": false,
            "is_active": true,
            "date_joined": "2023-10-24T03:36:53.043Z",
            "groups": [],
            "user_permissions": []
        }
    },
    {
        "model": "contenttypes.contenttype",
        "pk": 1,
        "fields": {
            "app_label": "admin",
            "model": "logentry"
        }
    },
    {
        "model": "contenttypes.contenttype",
        "pk": 2,
        "fields": {
            "app_label": "auth",
            "model": "permission"
        }
    },
    {
        "model": "contenttypes.contenttype",
        "pk": 3,
        "fields": {
            "app_label": "auth",
            "model": "group"
        }
    },
    {
        "model": "contenttypes.contenttype",
        "pk": 4,
        "fields": {
            "app_label": "auth",
            "model": "user"
        }
    },
    {
        "model": "contenttypes.contenttype",
        "pk": 5,
        "fields": {
            "app_label": "contenttypes",
            "model": "contenttype"
        }
    },
    {
        "model": "contenttypes.contenttype",
        "pk": 6,
        "fields": {
            "app_label": "sessions",
            "model": "session"
        }
    },
    {
        "model": "contenttypes.contenttype",
        "pk": 7,
        "fields": {
            "app_label": "sites",
            "model": "site"
        }
    },
    {
        "model": "contenttypes.contenttype",
        "pk": 8,
        "fields": {
            "app_label": "veggie",
            "model": "category"
        }
    },
    {
        "model": "contenttypes.contenttype",
        "pk": 9,
        "fields": {
            "app_label": "veggie",
            "model": "restaurant"
        }
    },
    {
        "model": "contenttypes.contenttype",
        "pk": 10,
        "fields": {
            "app_label": "veggie",
            "model": "state"
        }
    },
    {
        "model": "contenttypes.contenttype",
        "pk": 11,
        "fields": {
            "app_label": "veggie",
            "model": "review"
        }
    },
    {
        "model": "contenttypes.contenttype",
        "pk": 12,
        "fields": {
            "app_label": "account",
            "model": "emailaddress"
        }
    },
    {
        "model": "contenttypes.contenttype",
        "pk": 13,
        "fields": {
            "app_label": "account",
            "model": "emailconfirmation"
        }
    },
    {
        "model": "contenttypes.contenttype",
        "pk": 14,
        "fields": {
            "app_label": "socialaccount",
            "model": "socialaccount"
        }
    },
    {
        "model": "contenttypes.contenttype",
        "pk": 15,
        "fields": {
            "app_label": "socialaccount",
            "model": "socialapp"
        }
    },
    {
        "model": "contenttypes.contenttype",
        "pk": 16,
        "fields": {
            "app_label": "socialaccount",
            "model": "socialtoken"
        }
    },
    {
        "model": "sessions.session",
        "pk": "1defv6umnfjfk9l6wfjxkkcuu2hc1a0q",
        "fields": {
            "session_data": "eyJzb2NpYWxhY2NvdW50X3N0YXRlIjpbeyJwcm9jZXNzIjoibG9naW4iLCJzY29wZSI6IiIsImF1dGhfcGFyYW1zIjoiIn0sIllGUWRCWk13T0hkRURZemIiXX0:1qv8G5:pjO5BXJcdTaSOqr8s2Xc0ccc2mOKIdiLLAYBOgRtG54",
            "expire_date": "2023-11-07T03:39:09.623Z"
        }
    },
    {
        "model": "sessions.session",
        "pk": "ew1xjhdqgc0hxfv5rn63grwtk7jj4umc",
        "fields": {
            "session_data": ".eJxVjEEOwiAQRe_C2pBCGQGX7nsGMgODVA0kpV0Z765NutDtf-_9lwi4rSVsnZcwJ3ERSpx-N8L44LqDdMd6azK2ui4zyV2RB-1yaomf18P9OyjYy7emkTzAEI0Hj0jxjM6xIQZl2EImBWRIZT8mp0hrT1Gjs4aHnB1am8T7A_IlOGo:1qvJdE:pu0eSrobkr-wFpE6BpKLHh-QXn-TY5sX-4suXdF2rz8",
            "expire_date": "2023-11-07T15:47:48.933Z"
        }
    },
    {
        "model": "sessions.session",
        "pk": "i8v94sro13zp5g2fkxv1soqlixbrwxhk",
        "fields": {
            "session_data": ".eJxVjDEOwjAMRe-SGUU2dRLCyN4zRE5sSAG1UtNOiLtDpQ6w_vfef5nE61LT2nROg5izQXP43TKXh44bkDuPt8mWaVzmIdtNsTtttp9En5fd_Tuo3Oq39tCBoIgWJxoAEYHw6KLrSCWDQOgoCEXW6NlRoRizLwEDXU_sEcz7A8gsNwU:1qvJfo:k0rHun-QK_ovb16y7J-JtYwhpTqafVaE3wvXpeFH8PA",
            "expire_date": "2023-11-07T15:50:28.100Z"
        }
    },
    {
        "model": "sites.site",
        "pk": 2,
        "fields": {
            "domain": "127.0.0.1:8000",
            "name": "127"
        }
    },
    {
        "model": "veggie.category",
        "pk": 1,
        "fields": {
            "category_text": " Seafood, Vegetarian Friendly, Vegan Options"
        }
    },
    {
        "model": "veggie.category",
        "pk": 2,
        "fields": {
            "category_text": " Diner, American, Vegetarian Friendly"
        }
    },
    {
        "model": "veggie.category",
        "pk": 3,
        "fields": {
            "category_text": " American, Diner, Vegetarian Friendly"
        }
    },
    {
        "model": "veggie.category",
        "pk": 4,
        "fields": {
            "category_text": " American, Wine Bar, Vegetarian Friendly"
        }
    },
    {
        "model": "veggie.category",
        "pk": 5,
        "fields": {
            "category_text": " Italian, Pizza, Vegetarian Friendly"
        }
    },
    {
        "model": "veggie.category",
        "pk": 6,
        "fields": {
            "category_text": " Italian, Vegetarian Friendly, Gluten Free Options"
        }
    },
    {
        "model": "veggie.category",
        "pk": 7,
        "fields": {
            "category_text": " Cafe, American, Vegetarian Friendly"
        }
    },
    {
        "model": "veggie.category",
        "pk": 8,
        "fields": {
            "category_text": " American, Bar, Vegetarian Friendly"
        }
    },
    {
        "model": "veggie.category",
        "pk": 9,
        "fields": {
            "category_text": " American, Cajun & Creole, Vegetarian Friendly"
        }
    },
    {
        "model": "veggie.category",
        "pk": 10,
        "fields": {
            "category_text": " Steakhouse, Mexican, Vegetarian Friendly"
        }
    },
    {
        "model": "veggie.category",
        "pk": 11,
        "fields": {
            "category_text": " American, Vegetarian Friendly, Vegan Options"
        }
    },
    {
        "model": "veggie.category",
        "pk": 12,
        "fields": {
            "category_text": " American, European, Vegetarian Friendly"
        }
    },
    {
        "model": "veggie.category",
        "pk": 13,
        "fields": {
            "category_text": " Latin, Spanish, Vegetarian Friendly"
        }
    },
    {
        "model": "veggie.category",
        "pk": 14,
        "fields": {
            "category_text": " Chinese, Asian, Vegetarian Friendly"
        }
    },
    {
        "model": "veggie.category",
        "pk": 15,
        "fields": {
            "category_text": " American, Vegetarian Friendly"
        }
    },
    {
        "model": "veggie.category",
        "pk": 16,
        "fields": {
            "category_text": " Mexican, Southwestern, Vegetarian Friendly"
        }
    },
    {
        "model": "veggie.category",
        "pk": 17,
        "fields": {
            "category_text": " Cajun & Creole, American, Vegetarian Friendly"
        }
    },
    {
        "model": "veggie.category",
        "pk": 18,
        "fields": {
            "category_text": " Italian, Vegetarian Friendly, Vegan Options"
        }
    },
    {
        "model": "veggie.category",
        "pk": 19,
        "fields": {
            "category_text": " Pizza, Vegetarian Friendly, Vegan Options"
        }
    },
    {
        "model": "veggie.category",
        "pk": 20,
        "fields": {
            "category_text": " French, European, Vegetarian Friendly"
        }
    },
    {
        "model": "veggie.category",
        "pk": 21,
        "fields": {
            "category_text": " American, Southwestern, Vegetarian Friendly"
        }
    },
    {
        "model": "veggie.category",
        "pk": 22,
        "fields": {
            "category_text": " Indian, Asian, Vegetarian Friendly"
        }
    },
    {
        "model": "veggie.category",
        "pk": 23,
        "fields": {
            "category_text": " American, Seafood, Vegetarian Friendly"
        }
    },
    {
        "model": "veggie.category",
        "pk": 24,
        "fields": {
            "category_text": " Asian, Thai, Vegetarian Friendly"
        }
    },
    {
        "model": "veggie.category",
        "pk": 25,
        "fields": {
            "category_text": " American, Steakhouse, Vegetarian Friendly"
        }
    },
    {
        "model": "veggie.category",
        "pk": 26,
        "fields": {
            "category_text": " American, Cafe, Vegetarian Friendly"
        }
    },
    {
        "model": "veggie.category",
        "pk": 27,
        "fields": {
            "category_text": " Thai, Asian, Vegan Options"
        }
    },
    {
        "model": "veggie.category",
        "pk": 28,
        "fields": {
            "category_text": " Pizza, Vegetarian Friendly"
        }
    },
    {
        "model": "veggie.category",
        "pk": 29,
        "fields": {
            "category_text": " Indian, Vegetarian Friendly, Vegan Options"
        }
    },
    {
        "model": "veggie.category",
        "pk": 30,
        "fields": {
            "category_text": " American, Contemporary, Vegetarian Friendly"
        }
    },
    {
        "model": "veggie.category",
        "pk": 31,
        "fields": {
            "category_text": " Italian, Vegetarian Friendly"
        }
    },
    {
        "model": "veggie.category",
        "pk": 32,
        "fields": {
            "category_text": " American, Vegetarian Friendly, Gluten Free Options"
        }
    },
    {
        "model": "veggie.category",
        "pk": 33,
        "fields": {
            "category_text": " Indonesian, American, Vegetarian Friendly"
        }
    },
    {
        "model": "veggie.category",
        "pk": 34,
        "fields": {
            "category_text": " American, Deli, Vegetarian Friendly"
        }
    },
    {
        "model": "veggie.category",
        "pk": 35,
        "fields": {
            "category_text": " Mexican, Latin, Vegetarian Friendly"
        }
    },
    {
        "model": "veggie.state",
        "pk": 1,
        "fields": {
            "state_text": "CA"
        }
    },
    {
        "model": "veggie.state",
        "pk": 2,
        "fields": {
            "state_text": "NJ"
        }
    },
    {
        "model": "veggie.state",
        "pk": 3,
        "fields": {
            "state_text": "NY"
        }
    },
    {
        "model": "veggie.state",
        "pk": 4,
        "fields": {
            "state_text": "TX"
        }
    },
    {
        "model": "veggie.state",
        "pk": 5,
        "fields": {
            "state_text": "WA"
        }
    },
    {
        "model": "veggie.restaurant",
        "pk": 1,
        "fields": {
            "restaurant_text": "Betty Lou's Seafood and Grill",
            "category": 1,
            "state": 1,
            "city": "San Francisco",
            "location": "San Francisco, CA 94133-3908",
            "restaurant_link": "https://www.tripadvisor.com//Restaurant_Review-g60713-d11862449-Reviews-Betty_Lou_s_Seafood_and_Grill-San_Francisco_California.html",
            "menu_link": "Check The Website for a Menu",
            "price_rate": "Moderate",
            "image": "https://www.analyticdesign.com/wp-content/uploads/2018/07/unnamed.gif"
        }
    },
    {
        "model": "veggie.restaurant",
        "pk": 2,
        "fields": {
            "restaurant_text": "Coach House Diner",
            "category": 2,
            "state": 2,
            "city": "Hackensack",
            "location": "Hackensack, NJ 07601-6337",
            "restaurant_link": "https://www.tripadvisor.com//Restaurant_Review-g46480-d4632054-Reviews-Coach_House_Diner-Hackensack_New_Jersey.html",
            "menu_link": "Check The Website for a Menu",
            "price_rate": "Moderate",
            "image": "https://www.analyticdesign.com/wp-content/uploads/2018/07/unnamed.gif"
        }
    },
    {
        "model": "veggie.restaurant",
        "pk": 3,
        "fields": {
            "restaurant_text": "Table Talk Diner",
            "category": 3,
            "state": 3,
            "city": "Poughkeepsie",
            "location": "Poughkeepsie, NY 12601-5476",
            "restaurant_link": "https://www.tripadvisor.com//Restaurant_Review-g48443-d2105702-Reviews-Table_Talk_Diner-Poughkeepsie_New_York.html",
            "menu_link": "http://tabletalkdiner.com/menu/breakfast/",
            "price_rate": "Moderate",
            "image": "https://www.analyticdesign.com/wp-content/uploads/2018/07/unnamed.gif"
        }
    },
    {
        "model": "veggie.restaurant",
        "pk": 4,
        "fields": {
            "restaurant_text": "Sixty Vines",
            "category": 4,
            "state": 4,
            "city": "Plano",
            "location": "Plano, TX 75093-7777",
            "restaurant_link": "https://www.tripadvisor.com//Restaurant_Review-g56463-d10793449-Reviews-Sixty_Vines-Plano_Texas.html",
            "menu_link": "https://sixtyvines.com/menu/plano-tx/",
            "price_rate": "Moderate",
            "image": "https://www.analyticdesign.com/wp-content/uploads/2018/07/unnamed.gif"
        }
    },
    {
        "model": "veggie.restaurant",
        "pk": 5,
        "fields": {
            "restaurant_text": "Vince's Italian Restaurant & Pizzeria",
            "category": 5,
            "state": 5,
            "city": "Renton",
            "location": "Renton, WA 98056-3105",
            "restaurant_link": "https://www.tripadvisor.com//Restaurant_Review-g58704-d464246-Reviews-Vince_s_Italian_Restaurant_Pizzeria-Renton_Washington.html",
            "menu_link": "Check The Website for a Menu",
            "price_rate": "Moderate",
            "image": "https://www.analyticdesign.com/wp-content/uploads/2018/07/unnamed.gif"
        }
    },
    {
        "model": "veggie.restaurant",
        "pk": 6,
        "fields": {
            "restaurant_text": "ZaZa's Cucina",
            "category": 6,
            "state": 3,
            "city": "Ithaca",
            "location": "Ithaca, NY 14850-4049",
            "restaurant_link": "https://www.tripadvisor.com//Restaurant_Review-g47958-d475546-Reviews-ZaZa_s_Cucina-Ithaca_Finger_Lakes_New_York.html",
            "menu_link": "Check The Website for a Menu",
            "price_rate": "Moderate",
            "image": "https://www.analyticdesign.com/wp-content/uploads/2018/07/unnamed.gif"
        }
    },
    {
        "model": "veggie.restaurant",
        "pk": 7,
        "fields": {
            "restaurant_text": "Dulin's Cafe",
            "category": 7,
            "state": 5,
            "city": "Vancouver",
            "location": "Vancouver, WA 98660-2608",
            "restaurant_link": "https://www.tripadvisor.com//Restaurant_Review-g60820-d440680-Reviews-Dulin_s_Cafe-Vancouver_Washington.html",
            "menu_link": "Check The Website for a Menu",
            "price_rate": "Moderate",
            "image": "https://www.analyticdesign.com/wp-content/uploads/2018/07/unnamed.gif"
        }
    },
    {
        "model": "veggie.restaurant",
        "pk": 8,
        "fields": {
            "restaurant_text": "New World Bistro Bar",
            "category": 8,
            "state": 3,
            "city": "Albany",
            "location": "Albany, NY 12209-1627",
            "restaurant_link": "https://www.tripadvisor.com//Restaurant_Review-g29786-d1515170-Reviews-New_World_Bistro_Bar-Albany_New_York.html",
            "menu_link": "Check The Website for a Menu",
            "price_rate": "Moderate",
            "image": "https://www.analyticdesign.com/wp-content/uploads/2018/07/unnamed.gif"
        }
    },
    {
        "model": "veggie.restaurant",
        "pk": 9,
        "fields": {
            "restaurant_text": "Mimi's Cafe",
            "category": 9,
            "state": 1,
            "city": "Anaheim",
            "location": "Anaheim, CA 92802-2311",
            "restaurant_link": "https://www.tripadvisor.com//Restaurant_Review-g29092-d507253-Reviews-Mimi_s_Cafe-Anaheim_California.html",
            "menu_link": "Check The Website for a Menu",
            "price_rate": "Moderate",
            "image": "https://www.analyticdesign.com/wp-content/uploads/2018/07/unnamed.gif"
        }
    },
    {
        "model": "veggie.restaurant",
        "pk": 10,
        "fields": {
            "restaurant_text": "La Hacienda Ranch",
            "category": 10,
            "state": 4,
            "city": "Frisco",
            "location": "Frisco, TX 75034-8508",
            "restaurant_link": "https://www.tripadvisor.com//Restaurant_Review-g55870-d495433-Reviews-La_Hacienda_Ranch-Frisco_Texas.html",
            "menu_link": "Check The Website for a Menu",
            "price_rate": "Moderate",
            "image": "https://www.analyticdesign.com/wp-content/uploads/2018/07/unnamed.gif"
        }
    },
    {
        "model": "veggie.restaurant",
        "pk": 11,
        "fields": {
            "restaurant_text": "Breadsticks Cafe & Grill",
            "category": 11,
            "state": 2,
            "city": "Atlantic City",
            "location": "Atlantic City, NJ 08401-7329",
            "restaurant_link": "https://www.tripadvisor.com//Restaurant_Review-g29750-d541345-Reviews-Breadsticks_Cafe_Grill-Atlantic_City_New_Jersey.html",
            "menu_link": "https://resortsac.com/wp-content/uploads/2018/08/Breadsticks_BreakfastMenu_Winter-2017-2018.pdf",
            "price_rate": "Moderate",
            "image": "https://www.analyticdesign.com/wp-content/uploads/2018/07/unnamed.gif"
        }
    },
    {
        "model": "veggie.restaurant",
        "pk": 12,
        "fields": {
            "restaurant_text": "Tilikum Place Cafe",
            "category": 12,
            "state": 5,
            "city": "Seattle",
            "location": "Seattle, WA 98121-1519",
            "restaurant_link": "https://www.tripadvisor.com//Restaurant_Review-g60878-d1516303-Reviews-Tilikum_Place_Cafe-Seattle_Washington.html",
            "menu_link": "Check The Website for a Menu",
            "price_rate": "Moderate",
            "image": "https://www.analyticdesign.com/wp-content/uploads/2018/07/unnamed.gif"
        }
    },
    {
        "model": "veggie.restaurant",
        "pk": 13,
        "fields": {
            "restaurant_text": "BV Tuscany Italian Restaurant",
            "category": 6,
            "state": 2,
            "city": "Teaneck",
            "location": "Teaneck, NJ 07666-3411",
            "restaurant_link": "https://www.tripadvisor.com//Restaurant_Review-g46862-d1473658-Reviews-BV_Tuscany_Italian_Restaurant-Teaneck_New_Jersey.html",
            "menu_link": "Check The Website for a Menu",
            "price_rate": "Moderate",
            "image": "https://www.analyticdesign.com/wp-content/uploads/2018/07/unnamed.gif"
        }
    },
    {
        "model": "veggie.restaurant",
        "pk": 14,
        "fields": {
            "restaurant_text": "Beso",
            "category": 13,
            "state": 3,
            "city": "Staten Island",
            "location": "Staten Island, NY 10301-1952",
            "restaurant_link": "https://www.tripadvisor.com//Restaurant_Review-g48682-d1125099-Reviews-Beso-Staten_Island_New_York.html",
            "menu_link": "Check The Website for a Menu",
            "price_rate": "Moderate",
            "image": "https://www.analyticdesign.com/wp-content/uploads/2018/07/unnamed.gif"
        }
    },
    {
        "model": "veggie.restaurant",
        "pk": 15,
        "fields": {
            "restaurant_text": "Ristorante Paradiso",
            "category": 6,
            "state": 5,
            "city": "Kirkland",
            "location": "Kirkland, WA 98033-3717",
            "restaurant_link": "https://www.tripadvisor.com//Restaurant_Review-g58541-d464228-Reviews-Ristorante_Paradiso-Kirkland_Washington.html",
            "menu_link": "Check The Website for a Menu",
            "price_rate": "Moderate",
            "image": "https://www.analyticdesign.com/wp-content/uploads/2018/07/unnamed.gif"
        }
    },
    {
        "model": "veggie.restaurant",
        "pk": 16,
        "fields": {
            "restaurant_text": "Buddakan",
            "category": 14,
            "state": 2,
            "city": "Atlantic City",
            "location": "Atlantic City, NJ 08401-6689",
            "restaurant_link": "https://www.tripadvisor.com//Restaurant_Review-g29750-d637123-Reviews-Buddakan-Atlantic_City_New_Jersey.html",
            "menu_link": "Check The Website for a Menu",
            "price_rate": "Expensive",
            "image": "https://www.analyticdesign.com/wp-content/uploads/2018/07/unnamed.gif"
        }
    },
    {
        "model": "veggie.restaurant",
        "pk": 17,
        "fields": {
            "restaurant_text": "Hodel's Country Dining",
            "category": 11,
            "state": 1,
            "city": "Bakersfield",
            "location": "Bakersfield, CA 93308-2946",
            "restaurant_link": "https://www.tripadvisor.com//Restaurant_Review-g32037-d1053094-Reviews-Hodel_s_Country_Dining-Bakersfield_California.html",
            "menu_link": "Check The Website for a Menu",
            "price_rate": "Moderate",
            "image": "https://www.analyticdesign.com/wp-content/uploads/2018/07/unnamed.gif"
        }
    },
    {
        "model": "veggie.restaurant",
        "pk": 18,
        "fields": {
            "restaurant_text": "Magic Castle",
            "category": 15,
            "state": 1,
            "city": "Los Angeles",
            "location": "Los Angeles, CA 90028-8600",
            "restaurant_link": "https://www.tripadvisor.com//Restaurant_Review-g32655-d941518-Reviews-Magic_Castle-Los_Angeles_California.html",
            "menu_link": "Check The Website for a Menu",
            "price_rate": "Expensive",
            "image": "https://www.analyticdesign.com/wp-content/uploads/2018/07/unnamed.gif"
        }
    },
    {
        "model": "veggie.restaurant",
        "pk": 19,
        "fields": {
            "restaurant_text": "Jorge's Mexican Restaurant",
            "category": 16,
            "state": 4,
            "city": "Amarillo",
            "location": "Amarillo, TX 79109-6618",
            "restaurant_link": "https://www.tripadvisor.com//Restaurant_Review-g30165-d1504576-Reviews-Jorge_s_Mexican_Restaurant-Amarillo_Texas.html",
            "menu_link": "http://jorgesmexican.com/index.php?page=menu",
            "price_rate": "Moderate",
            "image": "https://www.analyticdesign.com/wp-content/uploads/2018/07/unnamed.gif"
        }
    },
    {
        "model": "veggie.restaurant",
        "pk": 20,
        "fields": {
            "restaurant_text": "The Attic",
            "category": 17,
            "state": 1,
            "city": "Long Beach",
            "location": "Long Beach, CA 90803-5906",
            "restaurant_link": "https://www.tripadvisor.com//Restaurant_Review-g32648-d3834363-Reviews-The_Attic-Long_Beach_California.html",
            "menu_link": "http://www.theatticonbroadway.com/pages/menu",
            "price_rate": "Moderate",
            "image": "https://www.analyticdesign.com/wp-content/uploads/2018/07/unnamed.gif"
        }
    },
    {
        "model": "veggie.restaurant",
        "pk": 21,
        "fields": {
            "restaurant_text": "Del Posto",
            "category": 18,
            "state": 3,
            "city": "New York City",
            "location": "New York City, NY 10011",
            "restaurant_link": "https://www.tripadvisor.com//Restaurant_Review-g60763-d598053-Reviews-Del_Posto-New_York_City_New_York.html",
            "menu_link": "Check The Website for a Menu",
            "price_rate": "Expensive",
            "image": "https://www.analyticdesign.com/wp-content/uploads/2018/07/unnamed.gif"
        }
    },
    {
        "model": "veggie.restaurant",
        "pk": 22,
        "fields": {
            "restaurant_text": "The Cheesecake Factory",
            "category": 11,
            "state": 1,
            "city": "Fresno",
            "location": "Fresno, CA 93710-7729",
            "restaurant_link": "https://www.tripadvisor.com//Restaurant_Review-g32414-d813700-Reviews-The_Cheesecake_Factory-Fresno_California.html",
            "menu_link": "https://order.thecheesecakefactory.com/menu/fresno-ca",
            "price_rate": "Moderate",
            "image": "https://www.analyticdesign.com/wp-content/uploads/2018/07/unnamed.gif"
        }
    },
    {
        "model": "veggie.restaurant",
        "pk": 23,
        "fields": {
            "restaurant_text": "Pizzeria Credo",
            "category": 5,
            "state": 5,
            "city": "Seattle",
            "location": "Seattle, WA 98116-4111",
            "restaurant_link": "https://www.tripadvisor.com//Restaurant_Review-g60878-d4765938-Reviews-Pizzeria_Credo-Seattle_Washington.html",
            "menu_link": "http://pizzeriacredo.com/#our-menu",
            "price_rate": "Moderate",
            "image": "https://www.analyticdesign.com/wp-content/uploads/2018/07/unnamed.gif"
        }
    },
    {
        "model": "veggie.restaurant",
        "pk": 24,
        "fields": {
            "restaurant_text": "Cheeseboard Pizza",
            "category": 19,
            "state": 1,
            "city": "Berkeley",
            "location": "Berkeley, CA 94709-1517",
            "restaurant_link": "https://www.tripadvisor.com//Restaurant_Review-g32066-d371485-Reviews-Cheeseboard_Pizza-Berkeley_California.html",
            "menu_link": "Check The Website for a Menu",
            "price_rate": "Cheap",
            "image": "https://www.analyticdesign.com/wp-content/uploads/2018/07/unnamed.gif"
        }
    },
    {
        "model": "veggie.restaurant",
        "pk": 25,
        "fields": {
            "restaurant_text": "Jeanne D'Arc Restaurant",
            "category": 20,
            "state": 1,
            "city": "San Francisco",
            "location": "San Francisco, CA 94108-3402",
            "restaurant_link": "https://www.tripadvisor.com//Restaurant_Review-g60713-d379131-Reviews-Jeanne_D_Arc_Restaurant-San_Francisco_California.html",
            "menu_link": "Check The Website for a Menu",
            "price_rate": "Moderate",
            "image": "https://www.analyticdesign.com/wp-content/uploads/2018/07/unnamed.gif"
        }
    },
    {
        "model": "veggie.restaurant",
        "pk": 26,
        "fields": {
            "restaurant_text": "Lonesome Dove Western Bistro",
            "category": 21,
            "state": 4,
            "city": "Fort Worth",
            "location": "Fort Worth, TX 76164-8519",
            "restaurant_link": "https://www.tripadvisor.com//Restaurant_Review-g55857-d518186-Reviews-Lonesome_Dove_Western_Bistro-Fort_Worth_Texas.html",
            "menu_link": "Check The Website for a Menu",
            "price_rate": "Expensive",
            "image": "https://www.analyticdesign.com/wp-content/uploads/2018/07/unnamed.gif"
        }
    },
    {
        "model": "veggie.restaurant",
        "pk": 27,
        "fields": {
            "restaurant_text": "KathaKali Indian Eatery",
            "category": 22,
            "state": 5,
            "city": "Kirkland",
            "location": "Kirkland, WA 98033-4325",
            "restaurant_link": "https://www.tripadvisor.com//Restaurant_Review-g58541-d12448278-Reviews-KathaKali_Indian_Eatery-Kirkland_Washington.html",
            "menu_link": "Check The Website for a Menu",
            "price_rate": "Moderate",
            "image": "https://www.analyticdesign.com/wp-content/uploads/2018/07/unnamed.gif"
        }
    },
    {
        "model": "veggie.restaurant",
        "pk": 28,
        "fields": {
            "restaurant_text": "Eddie V's Wildfish",
            "category": 23,
            "state": 1,
            "city": "Newport Beach",
            "location": "Newport Beach, CA 92660-9071",
            "restaurant_link": "https://www.tripadvisor.com//Restaurant_Review-g32780-d1862747-Reviews-Eddie_V_s_Wildfish-Newport_Beach_California.html",
            "menu_link": "Check The Website for a Menu",
            "price_rate": "Expensive",
            "image": "https://www.analyticdesign.com/wp-content/uploads/2018/07/unnamed.gif"
        }
    },
    {
        "model": "veggie.restaurant",
        "pk": 29,
        "fields": {
            "restaurant_text": "Anthony's HomePort",
            "category": 23,
            "state": 5,
            "city": "Kirkland",
            "location": "Kirkland, WA 98033-6468",
            "restaurant_link": "https://www.tripadvisor.com//Restaurant_Review-g58541-d463622-Reviews-Anthony_s_HomePort-Kirkland_Washington.html",
            "menu_link": "Check The Website for a Menu",
            "price_rate": "Moderate",
            "image": "https://www.analyticdesign.com/wp-content/uploads/2018/07/unnamed.gif"
        }
    },
    {
        "model": "veggie.restaurant",
        "pk": 30,
        "fields": {
            "restaurant_text": "Kwan Tip Thai",
            "category": 24,
            "state": 5,
            "city": "Federal Way",
            "location": "Federal Way, WA 98003-3829",
            "restaurant_link": "https://www.tripadvisor.com//Restaurant_Review-g58471-d2394676-Reviews-Kwan_Tip_Thai-Federal_Way_Washington.html",
            "menu_link": "Check The Website for a Menu",
            "price_rate": "Moderate",
            "image": "https://www.analyticdesign.com/wp-content/uploads/2018/07/unnamed.gif"
        }
    },
    {
        "model": "veggie.restaurant",
        "pk": 31,
        "fields": {
            "restaurant_text": "The Capital Grille",
            "category": 25,
            "state": 3,
            "city": "New York City",
            "location": "New York City, NY 10017-5608",
            "restaurant_link": "https://www.tripadvisor.com//Restaurant_Review-g60763-d1018334-Reviews-The_Capital_Grille-New_York_City_New_York.html",
            "menu_link": "Check The Website for a Menu",
            "price_rate": "Expensive",
            "image": "https://www.analyticdesign.com/wp-content/uploads/2018/07/unnamed.gif"
        }
    },
    {
        "model": "veggie.restaurant",
        "pk": 32,
        "fields": {
            "restaurant_text": "The Cheesecake Factory",
            "category": 11,
            "state": 2,
            "city": "Hackensack",
            "location": "Hackensack, NJ 07601-6310",
            "restaurant_link": "https://www.tripadvisor.com//Restaurant_Review-g46480-d4102201-Reviews-The_Cheesecake_Factory-Hackensack_New_Jersey.html",
            "menu_link": "https://order.thecheesecakefactory.com/menu/hackensack-nj",
            "price_rate": "Moderate",
            "image": "https://www.analyticdesign.com/wp-content/uploads/2018/07/unnamed.gif"
        }
    },
    {
        "model": "veggie.restaurant",
        "pk": 33,
        "fields": {
            "restaurant_text": "Bareburger",
            "category": 11,
            "state": 3,
            "city": "Forest Hills",
            "location": "Forest Hills, NY 11375-4728",
            "restaurant_link": "https://www.tripadvisor.com//Restaurant_Review-g47732-d3316200-Reviews-Bareburger-Forest_Hills_Queens_New_York.html",
            "menu_link": "Check The Website for a Menu",
            "price_rate": "Moderate",
            "image": "https://www.analyticdesign.com/wp-content/uploads/2018/07/unnamed.gif"
        }
    },
    {
        "model": "veggie.restaurant",
        "pk": 34,
        "fields": {
            "restaurant_text": "Planet Thai",
            "category": 24,
            "state": 5,
            "city": "Vancouver",
            "location": "Vancouver, WA 98685-2837",
            "restaurant_link": "https://www.tripadvisor.com//Restaurant_Review-g60820-d2602217-Reviews-Planet_Thai-Vancouver_Washington.html",
            "menu_link": "Check The Website for a Menu",
            "price_rate": "Moderate",
            "image": "https://www.analyticdesign.com/wp-content/uploads/2018/07/unnamed.gif"
        }
    },
    {
        "model": "veggie.restaurant",
        "pk": 35,
        "fields": {
            "restaurant_text": "Red Apple Cafe",
            "category": 26,
            "state": 1,
            "city": "Fresno",
            "location": "Fresno, CA 93650-1329",
            "restaurant_link": "https://www.tripadvisor.com//Restaurant_Review-g32414-d9750769-Reviews-Red_Apple_Cafe-Fresno_California.html",
            "menu_link": "Check The Website for a Menu",
            "price_rate": "Moderate",
            "image": "https://www.analyticdesign.com/wp-content/uploads/2018/07/unnamed.gif"
        }
    },
    {
        "model": "veggie.restaurant",
        "pk": 36,
        "fields": {
            "restaurant_text": "Ayothaya Thai Restaurant",
            "category": 27,
            "state": 5,
            "city": "Puyallup",
            "location": "Puyallup, WA 98375-9306",
            "restaurant_link": "https://www.tripadvisor.com//Restaurant_Review-g58693-d8047813-Reviews-Ayothaya_Thai_Restaurant-Puyallup_Washington.html",
            "menu_link": "Check The Website for a Menu",
            "price_rate": "Moderate",
            "image": "https://www.analyticdesign.com/wp-content/uploads/2018/07/unnamed.gif"
        }
    },
    {
        "model": "veggie.restaurant",
        "pk": 37,
        "fields": {
            "restaurant_text": "Mulvaney's Building & Loan",
            "category": 11,
            "state": 1,
            "city": "Sacramento",
            "location": "Sacramento, CA 95811-4154",
            "restaurant_link": "https://www.tripadvisor.com//Restaurant_Review-g32999-d602011-Reviews-Mulvaney_s_Building_Loan-Sacramento_California.html",
            "menu_link": "Check The Website for a Menu",
            "price_rate": "Expensive",
            "image": "https://www.analyticdesign.com/wp-content/uploads/2018/07/unnamed.gif"
        }
    },
    {
        "model": "veggie.restaurant",
        "pk": 38,
        "fields": {
            "restaurant_text": "Rutabegorz",
            "category": 11,
            "state": 1,
            "city": "Tustin",
            "location": "Tustin, CA 92780",
            "restaurant_link": "https://www.tripadvisor.com//Restaurant_Review-g33198-d680119-Reviews-Rutabegorz-Tustin_California.html",
            "menu_link": "Check The Website for a Menu",
            "price_rate": "Moderate",
            "image": "https://www.analyticdesign.com/wp-content/uploads/2018/07/unnamed.gif"
        }
    },
    {
        "model": "veggie.restaurant",
        "pk": 39,
        "fields": {
            "restaurant_text": "Brother's Office Pizzeria",
            "category": 28,
            "state": 5,
            "city": "Spokane Valley",
            "location": "Spokane Valley, WA 99216-0138",
            "restaurant_link": "https://www.tripadvisor.com//Restaurant_Review-g1784998-d7684552-Reviews-Brother_s_Office_Pizzeria-Spokane_Valley_Washington.html",
            "menu_link": "Check The Website for a Menu",
            "price_rate": "Moderate",
            "image": "https://www.analyticdesign.com/wp-content/uploads/2018/07/unnamed.gif"
        }
    },
    {
        "model": "veggie.restaurant",
        "pk": 40,
        "fields": {
            "restaurant_text": "Ajanta Distinctive Indian Cuisine",
            "category": 29,
            "state": 1,
            "city": "Berkeley",
            "location": "Berkeley, CA 94707-2309",
            "restaurant_link": "https://www.tripadvisor.com//Restaurant_Review-g32066-d371490-Reviews-Ajanta_Distinctive_Indian_Cuisine-Berkeley_California.html",
            "menu_link": "Check The Website for a Menu",
            "price_rate": "Moderate",
            "image": "https://www.analyticdesign.com/wp-content/uploads/2018/07/unnamed.gif"
        }
    },
    {
        "model": "veggie.restaurant",
        "pk": 41,
        "fields": {
            "restaurant_text": "Off Vine",
            "category": 30,
            "state": 1,
            "city": "Los Angeles",
            "location": "Los Angeles, CA 90028-8207",
            "restaurant_link": "https://www.tripadvisor.com//Restaurant_Review-g32655-d364726-Reviews-Off_Vine-Los_Angeles_California.html",
            "menu_link": "Check The Website for a Menu",
            "price_rate": "Moderate",
            "image": "https://www.analyticdesign.com/wp-content/uploads/2018/07/unnamed.gif"
        }
    },
    {
        "model": "veggie.restaurant",
        "pk": 42,
        "fields": {
            "restaurant_text": "Seasons 52",
            "category": 4,
            "state": 2,
            "city": "Cherry Hill",
            "location": "Cherry Hill, NJ 08002-2100",
            "restaurant_link": "https://www.tripadvisor.com//Restaurant_Review-g46354-d1391520-Reviews-Seasons_52-Cherry_Hill_New_Jersey.html",
            "menu_link": "Check The Website for a Menu",
            "price_rate": "Moderate",
            "image": "https://www.analyticdesign.com/wp-content/uploads/2018/07/unnamed.gif"
        }
    },
    {
        "model": "veggie.restaurant",
        "pk": 43,
        "fields": {
            "restaurant_text": "Pane e Vino",
            "category": 5,
            "state": 4,
            "city": "Katy",
            "location": "Katy, TX 77494",
            "restaurant_link": "https://www.tripadvisor.com//Restaurant_Review-g56062-d7715917-Reviews-Pane_e_Vino-Katy_Texas.html",
            "menu_link": "Check The Website for a Menu",
            "price_rate": "Moderate",
            "image": "https://www.analyticdesign.com/wp-content/uploads/2018/07/unnamed.gif"
        }
    },
    {
        "model": "veggie.restaurant",
        "pk": 44,
        "fields": {
            "restaurant_text": "Capers + Olives",
            "category": 31,
            "state": 5,
            "city": "Everett",
            "location": "Everett, WA 98201-4010",
            "restaurant_link": "https://www.tripadvisor.com//Restaurant_Review-g58466-d14932914-Reviews-Capers_Olives-Everett_Washington.html",
            "menu_link": "Check The Website for a Menu",
            "price_rate": "Moderate",
            "image": "https://www.analyticdesign.com/wp-content/uploads/2018/07/unnamed.gif"
        }
    },
    {
        "model": "veggie.restaurant",
        "pk": 45,
        "fields": {
            "restaurant_text": "Elements Restaurant",
            "category": 32,
            "state": 5,
            "city": "Vancouver",
            "location": "Vancouver, WA 98660",
            "restaurant_link": "https://www.tripadvisor.com//Restaurant_Review-g60820-d5532340-Reviews-Elements_Restaurant-Vancouver_Washington.html",
            "menu_link": "http://www.elementsvancouver.com",
            "price_rate": "Moderate",
            "image": "https://www.analyticdesign.com/wp-content/uploads/2018/07/unnamed.gif"
        }
    },
    {
        "model": "veggie.restaurant",
        "pk": 46,
        "fields": {
            "restaurant_text": "Yono's Restaurant",
            "category": 33,
            "state": 3,
            "city": "Albany",
            "location": "Albany, NY 12210-2733",
            "restaurant_link": "https://www.tripadvisor.com//Restaurant_Review-g29786-d420139-Reviews-Yono_s_Restaurant-Albany_New_York.html",
            "menu_link": "Check The Website for a Menu",
            "price_rate": "Expensive",
            "image": "https://www.analyticdesign.com/wp-content/uploads/2018/07/unnamed.gif"
        }
    },
    {
        "model": "veggie.restaurant",
        "pk": 47,
        "fields": {
            "restaurant_text": "Bill's Pizza",
            "category": 5,
            "state": 1,
            "city": "Palm Springs",
            "location": "Palm Springs, Greater Palm Springs, CA 92262-6603",
            "restaurant_link": "https://www.tripadvisor.com//Restaurant_Review-g32847-d1978555-Reviews-Bill_s_Pizza-Palm_Springs_Greater_Palm_Springs_California.html",
            "menu_link": "Check The Website for a Menu",
            "price_rate": "Cheap",
            "image": "https://www.analyticdesign.com/wp-content/uploads/2018/07/unnamed.gif"
        }
    },
    {
        "model": "veggie.restaurant",
        "pk": 48,
        "fields": {
            "restaurant_text": "LuNello's Resturant",
            "category": 18,
            "state": 2,
            "city": "Cedar Grove",
            "location": "Cedar Grove, NJ 07009-1149",
            "restaurant_link": "https://www.tripadvisor.com//Restaurant_Review-g46348-d6833248-Reviews-LuNello_s_Resturant-Cedar_Grove_New_Jersey.html",
            "menu_link": "Check The Website for a Menu",
            "price_rate": "Expensive",
            "image": "https://www.analyticdesign.com/wp-content/uploads/2018/07/unnamed.gif"
        }
    },
    {
        "model": "veggie.restaurant",
        "pk": 49,
        "fields": {
            "restaurant_text": "Foxy's Restaurant",
            "category": 34,
            "state": 1,
            "city": "Glendale",
            "location": "Glendale, CA 91204-1306",
            "restaurant_link": "https://www.tripadvisor.com//Restaurant_Review-g32431-d371841-Reviews-Foxy_s_Restaurant-Glendale_California.html",
            "menu_link": "Check The Website for a Menu",
            "price_rate": "Moderate",
            "image": "https://www.analyticdesign.com/wp-content/uploads/2018/07/unnamed.gif"
        }
    },
    {
        "model": "veggie.restaurant",
        "pk": 50,
        "fields": {
            "restaurant_text": "La Playita",
            "category": 35,
            "state": 1,
            "city": "Hermosa Beach",
            "location": "Hermosa Beach, CA 90254-3508",
            "restaurant_link": "https://www.tripadvisor.com//Restaurant_Review-g32490-d2343392-Reviews-La_Playita-Hermosa_Beach_California.html",
            "menu_link": "Check The Website for a Menu",
            "price_rate": "Cheap",
            "image": "https://www.analyticdesign.com/wp-content/uploads/2018/07/unnamed.gif"
        }
    },
    {
        "model": "veggie.restaurant",
        "pk": 51,
        "fields": {
            "restaurant_text": "Betty Lou's Seafood and Grill",
            "category": 1,
            "state": 1,
            "city": "San Francisco",
            "location": "San Francisco, CA 94133-3908",
            "restaurant_link": "https://www.tripadvisor.com//Restaurant_Review-g60713-d11862449-Reviews-Betty_Lou_s_Seafood_and_Grill-San_Francisco_California.html",
            "menu_link": "Check The Website for a Menu",
            "price_rate": "Moderate",
            "image": "https://thanidacwn.github.io/veggie-data/images/1.jpeg"
        }
    },
    {
        "model": "veggie.restaurant",
        "pk": 52,
        "fields": {
            "restaurant_text": "Coach House Diner",
            "category": 2,
            "state": 2,
            "city": "Hackensack",
            "location": "Hackensack, NJ 07601-6337",
            "restaurant_link": "https://www.tripadvisor.com//Restaurant_Review-g46480-d4632054-Reviews-Coach_House_Diner-Hackensack_New_Jersey.html",
            "menu_link": "Check The Website for a Menu",
            "price_rate": "Moderate",
            "image": "https://thanidacwn.github.io/veggie-data/images/2.jpeg"
        }
    },
    {
        "model": "veggie.restaurant",
        "pk": 53,
        "fields": {
            "restaurant_text": "Table Talk Diner",
            "category": 3,
            "state": 3,
            "city": "Poughkeepsie",
            "location": "Poughkeepsie, NY 12601-5476",
            "restaurant_link": "https://www.tripadvisor.com//Restaurant_Review-g48443-d2105702-Reviews-Table_Talk_Diner-Poughkeepsie_New_York.html",
            "menu_link": "http://tabletalkdiner.com/menu/breakfast/",
            "price_rate": "Moderate",
            "image": "https://thanidacwn.github.io/veggie-data/images/3.jpeg"
        }
    },
    {
        "model": "veggie.restaurant",
        "pk": 54,
        "fields": {
            "restaurant_text": "Sixty Vines",
            "category": 4,
            "state": 4,
            "city": "Plano",
            "location": "Plano, TX 75093-7777",
            "restaurant_link": "https://www.tripadvisor.com//Restaurant_Review-g56463-d10793449-Reviews-Sixty_Vines-Plano_Texas.html",
            "menu_link": "https://sixtyvines.com/menu/plano-tx/",
            "price_rate": "Moderate",
            "image": "https://thanidacwn.github.io/veggie-data/images/4.jpeg"
        }
    },
    {
        "model": "veggie.restaurant",
        "pk": 55,
        "fields": {
            "restaurant_text": "Vince's Italian Restaurant & Pizzeria",
            "category": 5,
            "state": 5,
            "city": "Renton",
            "location": "Renton, WA 98056-3105",
            "restaurant_link": "https://www.tripadvisor.com//Restaurant_Review-g58704-d464246-Reviews-Vince_s_Italian_Restaurant_Pizzeria-Renton_Washington.html",
            "menu_link": "Check The Website for a Menu",
            "price_rate": "Moderate",
            "image": "https://thanidacwn.github.io/veggie-data/images/5.jpeg"
        }
    },
    {
        "model": "veggie.restaurant",
        "pk": 56,
        "fields": {
            "restaurant_text": "ZaZa's Cucina",
            "category": 6,
            "state": 3,
            "city": "Ithaca",
            "location": "Ithaca, NY 14850-4049",
            "restaurant_link": "https://www.tripadvisor.com//Restaurant_Review-g47958-d475546-Reviews-ZaZa_s_Cucina-Ithaca_Finger_Lakes_New_York.html",
            "menu_link": "Check The Website for a Menu",
            "price_rate": "Moderate",
            "image": "https://thanidacwn.github.io/veggie-data/images/6.jpeg"
        }
    },
    {
        "model": "veggie.restaurant",
        "pk": 57,
        "fields": {
            "restaurant_text": "Dulin's Cafe",
            "category": 7,
            "state": 5,
            "city": "Vancouver",
            "location": "Vancouver, WA 98660-2608",
            "restaurant_link": "https://www.tripadvisor.com//Restaurant_Review-g60820-d440680-Reviews-Dulin_s_Cafe-Vancouver_Washington.html",
            "menu_link": "Check The Website for a Menu",
            "price_rate": "Moderate",
            "image": "https://thanidacwn.github.io/veggie-data/images/7.jpeg"
        }
    },
    {
        "model": "veggie.restaurant",
        "pk": 58,
        "fields": {
            "restaurant_text": "New World Bistro Bar",
            "category": 8,
            "state": 3,
            "city": "Albany",
            "location": "Albany, NY 12209-1627",
            "restaurant_link": "https://www.tripadvisor.com//Restaurant_Review-g29786-d1515170-Reviews-New_World_Bistro_Bar-Albany_New_York.html",
            "menu_link": "Check The Website for a Menu",
            "price_rate": "Moderate",
            "image": "https://thanidacwn.github.io/veggie-data/images/8.jpeg"
        }
    },
    {
        "model": "veggie.restaurant",
        "pk": 59,
        "fields": {
            "restaurant_text": "Mimi's Cafe",
            "category": 9,
            "state": 1,
            "city": "Anaheim",
            "location": "Anaheim, CA 92802-2311",
            "restaurant_link": "https://www.tripadvisor.com//Restaurant_Review-g29092-d507253-Reviews-Mimi_s_Cafe-Anaheim_California.html",
            "menu_link": "Check The Website for a Menu",
            "price_rate": "Moderate",
            "image": "https://thanidacwn.github.io/veggie-data/images/9.jpeg"
        }
    },
    {
        "model": "veggie.restaurant",
        "pk": 60,
        "fields": {
            "restaurant_text": "La Hacienda Ranch",
            "category": 10,
            "state": 4,
            "city": "Frisco",
            "location": "Frisco, TX 75034-8508",
            "restaurant_link": "https://www.tripadvisor.com//Restaurant_Review-g55870-d495433-Reviews-La_Hacienda_Ranch-Frisco_Texas.html",
            "menu_link": "Check The Website for a Menu",
            "price_rate": "Moderate",
            "image": "https://thanidacwn.github.io/veggie-data/images/10.jpeg"
        }
    },
    {
        "model": "veggie.restaurant",
        "pk": 61,
        "fields": {
            "restaurant_text": "Breadsticks Cafe & Grill",
            "category": 11,
            "state": 2,
            "city": "Atlantic City",
            "location": "Atlantic City, NJ 08401-7329",
            "restaurant_link": "https://www.tripadvisor.com//Restaurant_Review-g29750-d541345-Reviews-Breadsticks_Cafe_Grill-Atlantic_City_New_Jersey.html",
            "menu_link": "https://resortsac.com/wp-content/uploads/2018/08/Breadsticks_BreakfastMenu_Winter-2017-2018.pdf",
            "price_rate": "Moderate",
            "image": "https://thanidacwn.github.io/veggie-data/images/11.jpeg"
        }
    },
    {
        "model": "veggie.restaurant",
        "pk": 62,
        "fields": {
            "restaurant_text": "Tilikum Place Cafe",
            "category": 12,
            "state": 5,
            "city": "Seattle",
            "location": "Seattle, WA 98121-1519",
            "restaurant_link": "https://www.tripadvisor.com//Restaurant_Review-g60878-d1516303-Reviews-Tilikum_Place_Cafe-Seattle_Washington.html",
            "menu_link": "Check The Website for a Menu",
            "price_rate": "Moderate",
            "image": "https://thanidacwn.github.io/veggie-data/images/12.jpeg"
        }
    },
    {
        "model": "veggie.restaurant",
        "pk": 63,
        "fields": {
            "restaurant_text": "BV Tuscany Italian Restaurant",
            "category": 6,
            "state": 2,
            "city": "Teaneck",
            "location": "Teaneck, NJ 07666-3411",
            "restaurant_link": "https://www.tripadvisor.com//Restaurant_Review-g46862-d1473658-Reviews-BV_Tuscany_Italian_Restaurant-Teaneck_New_Jersey.html",
            "menu_link": "Check The Website for a Menu",
            "price_rate": "Moderate",
            "image": "https://thanidacwn.github.io/veggie-data/images/13.jpeg"
        }
    },
    {
        "model": "veggie.restaurant",
        "pk": 64,
        "fields": {
            "restaurant_text": "Beso",
            "category": 13,
            "state": 3,
            "city": "Staten Island",
            "location": "Staten Island, NY 10301-1952",
            "restaurant_link": "https://www.tripadvisor.com//Restaurant_Review-g48682-d1125099-Reviews-Beso-Staten_Island_New_York.html",
            "menu_link": "Check The Website for a Menu",
            "price_rate": "Moderate",
            "image": "https://thanidacwn.github.io/veggie-data/images/14.jpeg"
        }
    },
    {
        "model": "veggie.restaurant",
        "pk": 65,
        "fields": {
            "restaurant_text": "Ristorante Paradiso",
            "category": 6,
            "state": 5,
            "city": "Kirkland",
            "location": "Kirkland, WA 98033-3717",
            "restaurant_link": "https://www.tripadvisor.com//Restaurant_Review-g58541-d464228-Reviews-Ristorante_Paradiso-Kirkland_Washington.html",
            "menu_link": "Check The Website for a Menu",
            "price_rate": "Moderate",
            "image": "https://thanidacwn.github.io/veggie-data/images/15.jpeg"
        }
    },
    {
        "model": "veggie.restaurant",
        "pk": 66,
        "fields": {
            "restaurant_text": "Buddakan",
            "category": 14,
            "state": 2,
            "city": "Atlantic City",
            "location": "Atlantic City, NJ 08401-6689",
            "restaurant_link": "https://www.tripadvisor.com//Restaurant_Review-g29750-d637123-Reviews-Buddakan-Atlantic_City_New_Jersey.html",
            "menu_link": "Check The Website for a Menu",
            "price_rate": "Expensive",
            "image": "https://thanidacwn.github.io/veggie-data/images/16.jpeg"
        }
    },
    {
        "model": "veggie.restaurant",
        "pk": 67,
        "fields": {
            "restaurant_text": "Hodel's Country Dining",
            "category": 11,
            "state": 1,
            "city": "Bakersfield",
            "location": "Bakersfield, CA 93308-2946",
            "restaurant_link": "https://www.tripadvisor.com//Restaurant_Review-g32037-d1053094-Reviews-Hodel_s_Country_Dining-Bakersfield_California.html",
            "menu_link": "Check The Website for a Menu",
            "price_rate": "Moderate",
            "image": "https://thanidacwn.github.io/veggie-data/images/17.jpeg"
        }
    },
    {
        "model": "veggie.restaurant",
        "pk": 68,
        "fields": {
            "restaurant_text": "Magic Castle",
            "category": 15,
            "state": 1,
            "city": "Los Angeles",
            "location": "Los Angeles, CA 90028-8600",
            "restaurant_link": "https://www.tripadvisor.com//Restaurant_Review-g32655-d941518-Reviews-Magic_Castle-Los_Angeles_California.html",
            "menu_link": "Check The Website for a Menu",
            "price_rate": "Expensive",
            "image": "https://thanidacwn.github.io/veggie-data/images/18.jpeg"
        }
    },
    {
        "model": "veggie.restaurant",
        "pk": 69,
        "fields": {
            "restaurant_text": "Jorge's Mexican Restaurant",
            "category": 16,
            "state": 4,
            "city": "Amarillo",
            "location": "Amarillo, TX 79109-6618",
            "restaurant_link": "https://www.tripadvisor.com//Restaurant_Review-g30165-d1504576-Reviews-Jorge_s_Mexican_Restaurant-Amarillo_Texas.html",
            "menu_link": "http://jorgesmexican.com/index.php?page=menu",
            "price_rate": "Moderate",
            "image": "https://thanidacwn.github.io/veggie-data/images/19.jpeg"
        }
    },
    {
        "model": "veggie.restaurant",
        "pk": 70,
        "fields": {
            "restaurant_text": "The Attic",
            "category": 17,
            "state": 1,
            "city": "Long Beach",
            "location": "Long Beach, CA 90803-5906",
            "restaurant_link": "https://www.tripadvisor.com//Restaurant_Review-g32648-d3834363-Reviews-The_Attic-Long_Beach_California.html",
            "menu_link": "http://www.theatticonbroadway.com/pages/menu",
            "price_rate": "Moderate",
            "image": "https://thanidacwn.github.io/veggie-data/images/20.jpeg"
        }
    },
    {
        "model": "veggie.restaurant",
        "pk": 71,
        "fields": {
            "restaurant_text": "Del Posto",
            "category": 18,
            "state": 3,
            "city": "New York City",
            "location": "New York City, NY 10011",
            "restaurant_link": "https://www.tripadvisor.com//Restaurant_Review-g60763-d598053-Reviews-Del_Posto-New_York_City_New_York.html",
            "menu_link": "Check The Website for a Menu",
            "price_rate": "Expensive",
            "image": "https://thanidacwn.github.io/veggie-data/images/21.jpeg"
        }
    },
    {
        "model": "veggie.restaurant",
        "pk": 72,
        "fields": {
            "restaurant_text": "The Cheesecake Factory",
            "category": 11,
            "state": 1,
            "city": "Fresno",
            "location": "Fresno, CA 93710-7729",
            "restaurant_link": "https://www.tripadvisor.com//Restaurant_Review-g32414-d813700-Reviews-The_Cheesecake_Factory-Fresno_California.html",
            "menu_link": "https://order.thecheesecakefactory.com/menu/fresno-ca",
            "price_rate": "Moderate",
            "image": "https://thanidacwn.github.io/veggie-data/images/22.jpeg"
        }
    },
    {
        "model": "veggie.restaurant",
        "pk": 73,
        "fields": {
            "restaurant_text": "Pizzeria Credo",
            "category": 5,
            "state": 5,
            "city": "Seattle",
            "location": "Seattle, WA 98116-4111",
            "restaurant_link": "https://www.tripadvisor.com//Restaurant_Review-g60878-d4765938-Reviews-Pizzeria_Credo-Seattle_Washington.html",
            "menu_link": "http://pizzeriacredo.com/#our-menu",
            "price_rate": "Moderate",
            "image": "https://thanidacwn.github.io/veggie-data/images/23.jpeg"
        }
    },
    {
        "model": "veggie.restaurant",
        "pk": 74,
        "fields": {
            "restaurant_text": "Cheeseboard Pizza",
            "category": 19,
            "state": 1,
            "city": "Berkeley",
            "location": "Berkeley, CA 94709-1517",
            "restaurant_link": "https://www.tripadvisor.com//Restaurant_Review-g32066-d371485-Reviews-Cheeseboard_Pizza-Berkeley_California.html",
            "menu_link": "Check The Website for a Menu",
            "price_rate": "Cheap",
            "image": "https://thanidacwn.github.io/veggie-data/images/24.jpeg"
        }
    },
    {
        "model": "veggie.restaurant",
        "pk": 75,
        "fields": {
            "restaurant_text": "Jeanne D'Arc Restaurant",
            "category": 20,
            "state": 1,
            "city": "San Francisco",
            "location": "San Francisco, CA 94108-3402",
            "restaurant_link": "https://www.tripadvisor.com//Restaurant_Review-g60713-d379131-Reviews-Jeanne_D_Arc_Restaurant-San_Francisco_California.html",
            "menu_link": "Check The Website for a Menu",
            "price_rate": "Moderate",
            "image": "https://thanidacwn.github.io/veggie-data/images/25.jpeg"
        }
    },
    {
        "model": "veggie.restaurant",
        "pk": 76,
        "fields": {
            "restaurant_text": "Lonesome Dove Western Bistro",
            "category": 21,
            "state": 4,
            "city": "Fort Worth",
            "location": "Fort Worth, TX 76164-8519",
            "restaurant_link": "https://www.tripadvisor.com//Restaurant_Review-g55857-d518186-Reviews-Lonesome_Dove_Western_Bistro-Fort_Worth_Texas.html",
            "menu_link": "Check The Website for a Menu",
            "price_rate": "Expensive",
            "image": "https://thanidacwn.github.io/veggie-data/images/26.jpeg"
        }
    },
    {
        "model": "veggie.restaurant",
        "pk": 77,
        "fields": {
            "restaurant_text": "KathaKali Indian Eatery",
            "category": 22,
            "state": 5,
            "city": "Kirkland",
            "location": "Kirkland, WA 98033-4325",
            "restaurant_link": "https://www.tripadvisor.com//Restaurant_Review-g58541-d12448278-Reviews-KathaKali_Indian_Eatery-Kirkland_Washington.html",
            "menu_link": "Check The Website for a Menu",
            "price_rate": "Moderate",
            "image": "https://thanidacwn.github.io/veggie-data/images/27.jpeg"
        }
    },
    {
        "model": "veggie.restaurant",
        "pk": 78,
        "fields": {
            "restaurant_text": "Eddie V's Wildfish",
            "category": 23,
            "state": 1,
            "city": "Newport Beach",
            "location": "Newport Beach, CA 92660-9071",
            "restaurant_link": "https://www.tripadvisor.com//Restaurant_Review-g32780-d1862747-Reviews-Eddie_V_s_Wildfish-Newport_Beach_California.html",
            "menu_link": "Check The Website for a Menu",
            "price_rate": "Expensive",
            "image": "https://thanidacwn.github.io/veggie-data/images/28.jpeg"
        }
    },
    {
        "model": "veggie.restaurant",
        "pk": 79,
        "fields": {
            "restaurant_text": "Anthony's HomePort",
            "category": 23,
            "state": 5,
            "city": "Kirkland",
            "location": "Kirkland, WA 98033-6468",
            "restaurant_link": "https://www.tripadvisor.com//Restaurant_Review-g58541-d463622-Reviews-Anthony_s_HomePort-Kirkland_Washington.html",
            "menu_link": "Check The Website for a Menu",
            "price_rate": "Moderate",
            "image": "https://thanidacwn.github.io/veggie-data/images/29.jpeg"
        }
    },
    {
        "model": "veggie.restaurant",
        "pk": 80,
        "fields": {
            "restaurant_text": "Kwan Tip Thai",
            "category": 24,
            "state": 5,
            "city": "Federal Way",
            "location": "Federal Way, WA 98003-3829",
            "restaurant_link": "https://www.tripadvisor.com//Restaurant_Review-g58471-d2394676-Reviews-Kwan_Tip_Thai-Federal_Way_Washington.html",
            "menu_link": "Check The Website for a Menu",
            "price_rate": "Moderate",
            "image": "https://thanidacwn.github.io/veggie-data/images/30.jpeg"
        }
    },
    {
        "model": "veggie.restaurant",
        "pk": 81,
        "fields": {
            "restaurant_text": "The Capital Grille",
            "category": 25,
            "state": 3,
            "city": "New York City",
            "location": "New York City, NY 10017-5608",
            "restaurant_link": "https://www.tripadvisor.com//Restaurant_Review-g60763-d1018334-Reviews-The_Capital_Grille-New_York_City_New_York.html",
            "menu_link": "Check The Website for a Menu",
            "price_rate": "Expensive",
            "image": "https://thanidacwn.github.io/veggie-data/images/31.jpeg"
        }
    },
    {
        "model": "veggie.restaurant",
        "pk": 82,
        "fields": {
            "restaurant_text": "The Cheesecake Factory",
            "category": 11,
            "state": 2,
            "city": "Hackensack",
            "location": "Hackensack, NJ 07601-6310",
            "restaurant_link": "https://www.tripadvisor.com//Restaurant_Review-g46480-d4102201-Reviews-The_Cheesecake_Factory-Hackensack_New_Jersey.html",
            "menu_link": "https://order.thecheesecakefactory.com/menu/hackensack-nj",
            "price_rate": "Moderate",
            "image": "https://thanidacwn.github.io/veggie-data/images/32.jpeg"
        }
    },
    {
        "model": "veggie.restaurant",
        "pk": 83,
        "fields": {
            "restaurant_text": "Bareburger",
            "category": 11,
            "state": 3,
            "city": "Forest Hills",
            "location": "Forest Hills, NY 11375-4728",
            "restaurant_link": "https://www.tripadvisor.com//Restaurant_Review-g47732-d3316200-Reviews-Bareburger-Forest_Hills_Queens_New_York.html",
            "menu_link": "Check The Website for a Menu",
            "price_rate": "Moderate",
            "image": "https://thanidacwn.github.io/veggie-data/images/33.jpeg"
        }
    },
    {
        "model": "veggie.restaurant",
        "pk": 84,
        "fields": {
            "restaurant_text": "Planet Thai",
            "category": 24,
            "state": 5,
            "city": "Vancouver",
            "location": "Vancouver, WA 98685-2837",
            "restaurant_link": "https://www.tripadvisor.com//Restaurant_Review-g60820-d2602217-Reviews-Planet_Thai-Vancouver_Washington.html",
            "menu_link": "Check The Website for a Menu",
            "price_rate": "Moderate",
            "image": "https://thanidacwn.github.io/veggie-data/images/34.jpeg"
        }
    },
    {
        "model": "veggie.restaurant",
        "pk": 85,
        "fields": {
            "restaurant_text": "Red Apple Cafe",
            "category": 26,
            "state": 1,
            "city": "Fresno",
            "location": "Fresno, CA 93650-1329",
            "restaurant_link": "https://www.tripadvisor.com//Restaurant_Review-g32414-d9750769-Reviews-Red_Apple_Cafe-Fresno_California.html",
            "menu_link": "Check The Website for a Menu",
            "price_rate": "Moderate",
            "image": "https://thanidacwn.github.io/veggie-data/images/35.jpeg"
        }
    },
    {
        "model": "veggie.restaurant",
        "pk": 86,
        "fields": {
            "restaurant_text": "Ayothaya Thai Restaurant",
            "category": 27,
            "state": 5,
            "city": "Puyallup",
            "location": "Puyallup, WA 98375-9306",
            "restaurant_link": "https://www.tripadvisor.com//Restaurant_Review-g58693-d8047813-Reviews-Ayothaya_Thai_Restaurant-Puyallup_Washington.html",
            "menu_link": "Check The Website for a Menu",
            "price_rate": "Moderate",
            "image": "https://thanidacwn.github.io/veggie-data/images/36.jpeg"
        }
    },
    {
        "model": "veggie.restaurant",
        "pk": 87,
        "fields": {
            "restaurant_text": "Mulvaney's Building & Loan",
            "category": 11,
            "state": 1,
            "city": "Sacramento",
            "location": "Sacramento, CA 95811-4154",
            "restaurant_link": "https://www.tripadvisor.com//Restaurant_Review-g32999-d602011-Reviews-Mulvaney_s_Building_Loan-Sacramento_California.html",
            "menu_link": "Check The Website for a Menu",
            "price_rate": "Expensive",
            "image": "https://thanidacwn.github.io/veggie-data/images/37.jpeg"
        }
    },
    {
        "model": "veggie.restaurant",
        "pk": 88,
        "fields": {
            "restaurant_text": "Rutabegorz",
            "category": 11,
            "state": 1,
            "city": "Tustin",
            "location": "Tustin, CA 92780",
            "restaurant_link": "https://www.tripadvisor.com//Restaurant_Review-g33198-d680119-Reviews-Rutabegorz-Tustin_California.html",
            "menu_link": "Check The Website for a Menu",
            "price_rate": "Moderate",
            "image": "https://thanidacwn.github.io/veggie-data/images/38.jpeg"
        }
    },
    {
        "model": "veggie.restaurant",
        "pk": 89,
        "fields": {
            "restaurant_text": "Brother's Office Pizzeria",
            "category": 28,
            "state": 5,
            "city": "Spokane Valley",
            "location": "Spokane Valley, WA 99216-0138",
            "restaurant_link": "https://www.tripadvisor.com//Restaurant_Review-g1784998-d7684552-Reviews-Brother_s_Office_Pizzeria-Spokane_Valley_Washington.html",
            "menu_link": "Check The Website for a Menu",
            "price_rate": "Moderate",
            "image": "https://thanidacwn.github.io/veggie-data/images/39.jpeg"
        }
    },
    {
        "model": "veggie.restaurant",
        "pk": 90,
        "fields": {
            "restaurant_text": "Ajanta Distinctive Indian Cuisine",
            "category": 29,
            "state": 1,
            "city": "Berkeley",
            "location": "Berkeley, CA 94707-2309",
            "restaurant_link": "https://www.tripadvisor.com//Restaurant_Review-g32066-d371490-Reviews-Ajanta_Distinctive_Indian_Cuisine-Berkeley_California.html",
            "menu_link": "Check The Website for a Menu",
            "price_rate": "Moderate",
            "image": "https://thanidacwn.github.io/veggie-data/images/40.jpeg"
        }
    },
    {
        "model": "veggie.restaurant",
        "pk": 91,
        "fields": {
            "restaurant_text": "Off Vine",
            "category": 30,
            "state": 1,
            "city": "Los Angeles",
            "location": "Los Angeles, CA 90028-8207",
            "restaurant_link": "https://www.tripadvisor.com//Restaurant_Review-g32655-d364726-Reviews-Off_Vine-Los_Angeles_California.html",
            "menu_link": "Check The Website for a Menu",
            "price_rate": "Moderate",
            "image": "https://thanidacwn.github.io/veggie-data/images/41.jpeg"
        }
    },
    {
        "model": "veggie.restaurant",
        "pk": 92,
        "fields": {
            "restaurant_text": "Seasons 52",
            "category": 4,
            "state": 2,
            "city": "Cherry Hill",
            "location": "Cherry Hill, NJ 08002-2100",
            "restaurant_link": "https://www.tripadvisor.com//Restaurant_Review-g46354-d1391520-Reviews-Seasons_52-Cherry_Hill_New_Jersey.html",
            "menu_link": "Check The Website for a Menu",
            "price_rate": "Moderate",
            "image": "https://thanidacwn.github.io/veggie-data/images/42.jpeg"
        }
    },
    {
        "model": "veggie.restaurant",
        "pk": 93,
        "fields": {
            "restaurant_text": "Pane e Vino",
            "category": 5,
            "state": 4,
            "city": "Katy",
            "location": "Katy, TX 77494",
            "restaurant_link": "https://www.tripadvisor.com//Restaurant_Review-g56062-d7715917-Reviews-Pane_e_Vino-Katy_Texas.html",
            "menu_link": "Check The Website for a Menu",
            "price_rate": "Moderate",
            "image": "https://thanidacwn.github.io/veggie-data/images/43.jpeg"
        }
    },
    {
        "model": "veggie.restaurant",
        "pk": 94,
        "fields": {
            "restaurant_text": "Capers + Olives",
            "category": 31,
            "state": 5,
            "city": "Everett",
            "location": "Everett, WA 98201-4010",
            "restaurant_link": "https://www.tripadvisor.com//Restaurant_Review-g58466-d14932914-Reviews-Capers_Olives-Everett_Washington.html",
            "menu_link": "Check The Website for a Menu",
            "price_rate": "Moderate",
            "image": "https://thanidacwn.github.io/veggie-data/images/44.jpeg"
        }
    },
    {
        "model": "veggie.restaurant",
        "pk": 95,
        "fields": {
            "restaurant_text": "Elements Restaurant",
            "category": 32,
            "state": 5,
            "city": "Vancouver",
            "location": "Vancouver, WA 98660",
            "restaurant_link": "https://www.tripadvisor.com//Restaurant_Review-g60820-d5532340-Reviews-Elements_Restaurant-Vancouver_Washington.html",
            "menu_link": "http://www.elementsvancouver.com",
            "price_rate": "Moderate",
            "image": "https://thanidacwn.github.io/veggie-data/images/45.jpeg"
        }
    },
    {
        "model": "veggie.restaurant",
        "pk": 96,
        "fields": {
            "restaurant_text": "Yono's Restaurant",
            "category": 33,
            "state": 3,
            "city": "Albany",
            "location": "Albany, NY 12210-2733",
            "restaurant_link": "https://www.tripadvisor.com//Restaurant_Review-g29786-d420139-Reviews-Yono_s_Restaurant-Albany_New_York.html",
            "menu_link": "Check The Website for a Menu",
            "price_rate": "Expensive",
            "image": "https://thanidacwn.github.io/veggie-data/images/46.jpeg"
        }
    },
    {
        "model": "veggie.restaurant",
        "pk": 97,
        "fields": {
            "restaurant_text": "Bill's Pizza",
            "category": 5,
            "state": 1,
            "city": "Palm Springs",
            "location": "Palm Springs, Greater Palm Springs, CA 92262-6603",
            "restaurant_link": "https://www.tripadvisor.com//Restaurant_Review-g32847-d1978555-Reviews-Bill_s_Pizza-Palm_Springs_Greater_Palm_Springs_California.html",
            "menu_link": "Check The Website for a Menu",
            "price_rate": "Cheap",
            "image": "https://thanidacwn.github.io/veggie-data/images/47.jpeg"
        }
    },
    {
        "model": "veggie.restaurant",
        "pk": 98,
        "fields": {
            "restaurant_text": "LuNello's Resturant",
            "category": 18,
            "state": 2,
            "city": "Cedar Grove",
            "location": "Cedar Grove, NJ 07009-1149",
            "restaurant_link": "https://www.tripadvisor.com//Restaurant_Review-g46348-d6833248-Reviews-LuNello_s_Resturant-Cedar_Grove_New_Jersey.html",
            "menu_link": "Check The Website for a Menu",
            "price_rate": "Expensive",
            "image": "https://thanidacwn.github.io/veggie-data/images/48.jpeg"
        }
    },
    {
        "model": "veggie.restaurant",
        "pk": 99,
        "fields": {
            "restaurant_text": "Foxy's Restaurant CA",
            "category": 34,
            "state": 1,
            "city": "Glendale",
            "location": "Glendale, CA 91204-1306",
            "restaurant_link": "https://www.tripadvisor.com//Restaurant_Review-g32431-d371841-Reviews-Foxy_s_Restaurant-Glendale_California.html",
            "menu_link": "Check The Website for a Menu",
            "price_rate": "Moderate",
            "image": "https://thanidacwn.github.io/veggie-data/images/49.jpeg"
        }
    },
    {
        "model": "veggie.restaurant",
        "pk": 100,
        "fields": {
            "restaurant_text": "La Playita",
            "category": 35,
            "state": 1,
            "city": "Hermosa Beach",
            "location": "Hermosa Beach, CA 90254-3508",
            "restaurant_link": "https://www.tripadvisor.com//Restaurant_Review-g32490-d2343392-Reviews-La_Playita-Hermosa_Beach_California.html",
            "menu_link": "Check The Website for a Menu",
            "price_rate": "Cheap",
            "image": "https://thanidacwn.github.io/veggie-data/images/50.jpeg"
        }
    },
    {
        "model": "account.emailaddress",
        "pk": 1,
        "fields": {
            "user": 6,
            "email": "preawpan.t@ku.th",
            "verified": true,
            "primary": true
        }
    },
    {
        "model": "account.emailaddress",
        "pk": 2,
        "fields": {
            "user": 7,
            "email": "thanida.chai@ku.th",
            "verified": true,
            "primary": true
        }
    },
    {
        "model": "socialaccount.socialapp",
        "pk": 1,
        "fields": {
            "provider": "github",
            "provider_id": "",
            "name": "github",
            "client_id": "746b670581fc568122fb",
            "secret": "43f92db6be75782f22b4248a66d09d20b2c99a90",
            "key": "",
            "settings": {},
            "sites": [
                2
            ]
        }
    },
    {
        "model": "socialaccount.socialapp",
        "pk": 2,
        "fields": {
            "provider": "google",
            "provider_id": "",
            "name": "google",
            "client_id": "615564316883-i3us8moppbo3usiu57o166rlm1re7ti2.apps.googleusercontent.com",
            "secret": "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",
            "key": "",
            "settings": {},
            "sites": [
                2
            ]
        }
    },
    {
        "model": "socialaccount.socialapp",
        "pk": 3,
        "fields": {
            "provider": "line",
            "provider_id": "",
            "name": "line",
            "client_id": "2001290458",
            "secret": "46aebce1823b002d6066d5ad0097ed81",
            "key": "",
            "settings": {},
            "sites": [
                2
            ]
        }
    },
    {
        "model": "socialaccount.socialaccount",
        "pk": 1,
        "fields": {
            "user": 6,
            "provider": "google",
            "uid": "102104040772931581028",
            "last_login": "2023-10-24T02:46:18.178Z",
            "date_joined": "2023-10-24T02:46:18.178Z",
            "extra_data": "{\"iss\": \"https://accounts.google.com\", \"azp\": \"615564316883-i3us8moppbo3usiu57o166rlm1re7ti2.apps.googleusercontent.com\", \"aud\": \"615564316883-i3us8moppbo3usiu57o166rlm1re7ti2.apps.googleusercontent.com\", \"sub\": \"102104040772931581028\", \"hd\": \"ku.th\", \"email\": \"preawpan.t@ku.th\", \"email_verified\": true, \"at_hash\": \"f9fdGFP3OeuNrQWE5-LmTA\", \"name\": \"Preawpan THAMAPIPOL\", \"picture\": \"https://lh3.googleusercontent.com/a/ACg8ocIgv9Jbog4CHVrQK9Boq4ju4W745GuWKAA3XUcb_VadXOs=s96-c\", \"given_name\": \"Preawpan\", \"family_name\": \"THAMAPIPOL\", \"locale\": \"en\", \"iat\": 1698115578, \"exp\": 1698119178}"
        }
    },
    {
        "model": "socialaccount.socialaccount",
        "pk": 2,
        "fields": {
            "user": 7,
            "provider": "google",
            "uid": "100738132176527297656",
            "last_login": "2023-10-24T03:36:53.052Z",
            "date_joined": "2023-10-24T03:36:53.052Z",
            "extra_data": "{\"iss\": \"https://accounts.google.com\", \"azp\": \"615564316883-i3us8moppbo3usiu57o166rlm1re7ti2.apps.googleusercontent.com\", \"aud\": \"615564316883-i3us8moppbo3usiu57o166rlm1re7ti2.apps.googleusercontent.com\", \"sub\": \"100738132176527297656\", \"hd\": \"ku.th\", \"email\": \"thanida.chai@ku.th\", \"email_verified\": true, \"at_hash\": \"IBaV-doP93goUQP0nC2mIg\", \"name\": \"Thanida CHAIWONGNON\", \"picture\": \"https://lh3.googleusercontent.com/a/ACg8ocI9C5qOhWEpADoG5DnDgaXUuLY8ye10tJrRiCqQ9ltNEw=s96-c\", \"given_name\": \"Thanida\", \"family_name\": \"CHAIWONGNON\", \"locale\": \"en\", \"iat\": 1698118613, \"exp\": 1698122213}"
        }
    }
]